{"cameraMode":{"drawMode":0,"name":"Shaded","section":"Shading Mode"},"sceneLighting":true,"audioPlay":false,"sceneViewState":{"m_AlwaysRefresh":false,"showFog":true,"showSkybox":true,"showFlares":true,"showImageEffects":true,"showParticleSystems":true,"showVisualEffectGraphs":true,"m_FxEnabled":true},"in2DMode":false,"pivot":{"x":-5.93541145324707,"y":1.9267542362213135,"z":-9.998067855834961},"rotation":{"x":0.004276776686310768,"y":0.9712854623794556,"z":-0.23769019544124604,"w":0.017485689371824266},"size":3.553518772125244,"orthographic":true}